{
  "north": 24.04453018558617,
  "south": 23.522111567590827,
  "east": 90.51289694086621,
  "west": 90.00437579517546
}