{
  "north": 24.044432102193834,
  "south": 23.52207720077756,
  "east": 90.51291307970008,
  "west": 90.00444321021938
}