{
    "SW": [
        23.7615331707872,
        90.34224630298499
    ],
    "NE": [
        23.7782983748336,
        90.36566139243527
    ],
    "crs": "EPSG:4326"
}