{
    "SW": [
        23.758910680768768,
        90.41492674063868
    ],
    "NE": [
        23.8281256851838,
        90.48779449900796
    ],
    "crs": "EPSG:4326"
}