{
    "SW": [
        23.83159111842244,
        90.38542372793131
    ],
    "NE": [
        23.8612814518454,
        90.42466741784999
    ],
    "crs": "EPSG:4326"
}