{
    "SW": [
        23.776331507319778,
        90.38223927576608
    ],
    "NE": [
        23.844422587441198,
        90.41792387208831
    ],
    "crs": "EPSG:4326"
}