{
    "SW": [
        23.68510631882148,
        90.45613729807117
    ],
    "NE": [
        23.7618141518606,
        90.51280181454085
    ],
    "crs": "EPSG:4326"
}