{
    "SW": [
        23.666372770479423,
        90.32730334980366
    ],
    "NE": [
        23.903173640222153,
        90.51743069388785
    ],
    "crs": "EPSG:4326"
}