{
    "SW": [
        23.817729385467874,
        90.00450705275414
    ],
    "NE": [
        24.044387451346605,
        90.24586979480765
    ],
    "crs": "EPSG:4326"
}