{
    "SW": [
        23.668060133701672,
        90.42663428536382
    ],
    "NE": [
        23.703089107519293,
        90.46859412565873
    ],
    "crs": "EPSG:4326"
}