{
    "SW": [
        23.739991288492938,
        90.37821188038063
    ],
    "NE": [
        23.7531973989429,
        90.39329119798661
    ],
    "crs": "EPSG:4326"
}