{
    "SW": [
        23.706929182189143,
        90.36022909168281
    ],
    "NE": [
        23.720603594428106,
        90.38645399186713
    ],
    "crs": "EPSG:4326"
}