{
    "SW": [
        23.819602592623898,
        90.41258523169364
    ],
    "NE": [
        23.84891828461565,
        90.48667057471434
    ],
    "crs": "EPSG:4326"
}