{
    "SW": [
        23.71011363435438,
        90.3585432052424
    ],
    "NE": [
        23.73268578058445,
        90.3995664419593
    ],
    "crs": "EPSG:4326"
}