{
    "SW": [
        23.568873814790276,
        90.01818146499309
    ],
    "NE": [
        23.748233399979437,
        90.28623740901992
    ],
    "crs": "EPSG:4326"
}