{
    "SW": [
        23.806115501100535,
        90.35086305590269
    ],
    "NE": [
        23.848637303542247,
        90.39347851870221
    ],
    "crs": "EPSG:4326"
}