{
    "SW": [
        23.73596389310749,
        90.39404048084901
    ],
    "NE": [
        23.761158529355992,
        90.41642530636348
    ],
    "crs": "EPSG:4326"
}