{
    "SW": [
        23.749450984630855,
        90.4089324777394
    ],
    "NE": [
        23.77061822549391,
        90.43375247255669
    ],
    "crs": "EPSG:4326"
}