{
    "SW": [
        23.71938600977669,
        90.42654062500601
    ],
    "NE": [
        23.747109475685825,
        90.46456673027328
    ],
    "crs": "EPSG:4326"
}