{
    "SW": [
        23.79581286174241,
        90.33962381296656
    ],
    "NE": [
        23.828032024825998,
        90.35676365844417
    ],
    "crs": "EPSG:4326"
}