{
    "SW": [
        23.822787044789138,
        90.33700132294813
    ],
    "NE": [
        23.898089972461243,
        90.39441512228022
    ],
    "crs": "EPSG:4326"
}