{
    "SW": [
        23.846108473881618,
        90.41380281634505
    ],
    "NE": [
        23.90108710391088,
        90.47168491746615
    ],
    "crs": "EPSG:4326"
}