{
    "SW": [
        23.853601302505705,
        90.37914848395864
    ],
    "NE": [
        23.89546748244281,
        90.40734025165679
    ],
    "crs": "EPSG:4326"
}