{
    "SW": [
        23.709645332565373,
        90.39825519695007
    ],
    "NE": [
        23.723975367308945,
        90.41192960918904
    ],
    "crs": "EPSG:4326"
}