{
    "SW": [
        23.710675596501186,
        90.38308221898629
    ],
    "NE": [
        23.724630989813555,
        90.40134598875751
    ],
    "crs": "EPSG:4326"
}