{
    "SW": [
        23.844984549588002,
        90.40640364807876
    ],
    "NE": [
        23.886101446662696,
        90.45398310984174
    ],
    "crs": "EPSG:4326"
}