{
    "SW": [
        23.772023130860926,
        90.3344724932875
    ],
    "NE": [
        23.798716332834246,
        90.35835588452679
    ],
    "crs": "EPSG:4326"
}