{
    "SW": [
        23.73240479951105,
        90.36369452492146
    ],
    "NE": [
        23.756943813254942,
        90.3835505207753
    ],
    "crs": "EPSG:4326"
}