{
    "SW": [
        23.522137296247514,
        90.00703588241475
    ],
    "NE": [
        23.66852843549068,
        90.20568950131094
    ],
    "crs": "EPSG:4326"
}