{
    "SW": [
        23.69597092032641,
        90.4169872685103
    ],
    "NE": [
        23.717887444051872,
        90.42925677538224
    ],
    "crs": "EPSG:4326"
}