{
    "SW": [
        23.7697752822737,
        90.39778689516106
    ],
    "NE": [
        23.812109763999807,
        90.4261659835748
    ],
    "crs": "EPSG:4326"
}