{
    "SW": [
        23.721633858363916,
        90.33784426616835
    ],
    "NE": [
        23.758161397906356,
        90.37736893716043
    ],
    "crs": "EPSG:4326"
}