{
    "SW": [
        23.694753335674996,
        90.42307519176737
    ],
    "NE": [
        23.73324774273126,
        90.47646159571401
    ],
    "crs": "EPSG:4326"
}