{
    "SW": [
        23.764530302236835,
        90.3684712031693
    ],
    "NE": [
        23.81726108367887,
        90.4003157248217
    ],
    "crs": "EPSG:4326"
}