{
    "SW": [
        23.608585806497956,
        90.2185209703297
    ],
    "NE": [
        23.780077921631822,
        90.47318348319098
    ],
    "crs": "EPSG:4326"
}