{
    "SW": [
        23.740740571355346,
        90.41595700457448
    ],
    "NE": [
        23.78344969451266,
        90.48301782076008
    ],
    "crs": "EPSG:4326"
}