{
    "SW": [
        23.703463748950497,
        90.40200161126211
    ],
    "NE": [
        23.714515671171032,
        90.41258523169364
    ],
    "crs": "EPSG:4326"
}