{
    "SW": [
        23.77651882803538,
        90.34889618838888
    ],
    "NE": [
        23.810611198274987,
        90.3765259939402
    ],
    "crs": "EPSG:4326"
}