{
    "SW": [
        23.7453299288876,
        90.32969581503964
    ],
    "NE": [
        23.77502026231056,
        90.38289489827068
    ],
    "crs": "EPSG:4326"
}