{
    "SW": [
        23.721446537648315,
        90.41239791097804
    ],
    "NE": [
        23.75001294677766,
        90.42878847359324
    ],
    "crs": "EPSG:4326"
}