{
    "SW": [
        23.72931400770361,
        90.36987610853633
    ],
    "NE": [
        23.741958156006763,
        90.3918862926196
    ],
    "crs": "EPSG:4326"
}