{
    "SW": [
        23.72257046194193,
        90.4087451570238
    ],
    "NE": [
        23.74420600459399,
        90.41989073960214
    ],
    "crs": "EPSG:4326"
}