{
    "SW": [
        23.74270743886917,
        90.18086950649365
    ],
    "NE": [
        24.03399115163068,
        90.35638901701296
    ],
    "crs": "EPSG:4326"
}