{
    "SW": [
        23.722851443015333,
        90.38692229365613
    ],
    "NE": [
        23.75001294677766,
        90.41211692990463
    ],
    "crs": "EPSG:4326"
}