{
    "SW": [
        23.750574908924467,
        90.36200863848103
    ],
    "NE": [
        23.78485459987968,
        90.39010674582137
    ],
    "crs": "EPSG:4326"
}