{
    "SW": [
        23.6870731863353,
        90.42026538103333
    ],
    "NE": [
        23.71020729471218,
        90.43871647152015
    ],
    "crs": "EPSG:4326"
}