{
    "SW": [
        23.69962367428065,
        90.41136764704223
    ],
    "NE": [
        23.723038763730933,
        90.42897579430884
    ],
    "crs": "EPSG:4326"
}