{
    "SW": [
        23.751605172860277,
        90.39404048084901
    ],
    "NE": [
        23.778111054117996,
        90.41548870278547
    ],
    "crs": "EPSG:4326"
}