{
    "SW": [
        23.74757777747483,
        90.38326953970189
    ],
    "NE": [
        23.778204714475798,
        90.39872349873907
    ],
    "crs": "EPSG:4326"
}